BRIN,financieel,overig
05WS,Basistoezicht,Basistoezicht
08CL,Basistoezicht,Basistoezicht
05WM,Basistoezicht,Basistoezicht
08CJ,Basistoezicht,Basistoezicht
05WB,Basistoezicht,Basistoezicht
05VY,Basistoezicht,Basistoezicht
14DG,Basistoezicht,Basistoezicht, Basistoezicht, Zwak, Zeer zwak, Geen oordeel
05VW,Basistoezicht,Basistoezicht,Basistoezicht, Basistoezicht, Zwak, Zeer zwak, Geen oordeel
05VV,Basistoezicht,Basistoezicht
05VU,Basistoezicht,Basistoezicht
08CF,Basistoezicht,Basistoezicht
08AV,Basistoezicht,Basistoezicht
05TG,Basistoezicht,Basistoezicht
05RL,Basistoezicht,Basistoezicht
07ZE,Basistoezicht,Basistoezicht
05OY,Basistoezicht,Basistoezicht
04FM,Basistoezicht,Basistoezicht
04FB,Basistoezicht,Basistoezicht
23PE,Basistoezicht,Basistoezicht, Basistoezicht, Zwak, Zeer zwak, Geen oordeel
16YG,Basistoezicht,Basistoezicht
16XM,Basistoezicht,Basistoezicht
16WG,Basistoezicht,Basistoezicht
15LQ,Basistoezicht,Basistoezicht
15FT,Basistoezicht,Basistoezicht, Basistoezicht, Zwak, Zeer zwak, Geen oordeel
15FT,Basistoezicht,Basistoezicht, Basistoezicht, Zwak, Zeer zwak, Geen oordeel
15AL,Basistoezicht,Basistoezicht, Basistoezicht, Zwak, Zeer zwak, Geen oordeel
14KW,Basistoezicht,Basistoezicht
14FM,Basistoezicht,Basistoezicht, Basistoezicht, Zwak, Zeer zwak, Geen oordeel
06WU,Basistoezicht,Basistoezicht
04LP,Basistoezicht,Basistoezicht
12PA,Basistoezicht,Basistoezicht
12GA,Basistoezicht,Basistoezicht, Basistoezicht, Zwak, Zeer zwak, Geen oordeel
09YG,Basistoezicht,Basistoezicht
09BP,Basistoezicht,Basistoezicht
07XP,Basistoezicht,Basistoezicht
07DI,Basistoezicht,Basistoezicht
07CT,Basistoezicht,Basistoezicht
05ME,Basistoezicht,Basistoezicht
27XA,Basistoezicht,Basistoezicht
22LK,Basistoezicht,Geen oordeel, Basistoezicht, Zwak, Zeer zwak, Geen oordeel
16EC,Geen oordeel,Basistoezicht, Basistoezicht, Zwak, Zeer zwak, Geen oordeel
15VH,Basistoezicht,Basistoezicht
15SZ,Basistoezicht,Basistoezicht, Basistoezicht, Zwak, Zeer zwak, Geen oordeel
15SZ,Basistoezicht,Basistoezicht, Basistoezicht, Zwak, Zeer zwak, Geen oordeel
15NZ,Basistoezicht,Basistoezicht
12PH,Basistoezicht,Basistoezicht, Basistoezicht, Zwak, Zeer zwak, Geen oordeel
12GN,Basistoezicht,Basistoezicht, Basistoezicht, Zwak, Zeer zwak, Geen oordeel
08UU,Basistoezicht,Basistoezicht
07IR,Basistoezicht,Basistoezicht
04MZ,Basistoezicht,Basistoezicht
04KC,Basistoezicht,Basistoezicht
14CR,Basistoezicht,Basistoezicht
13ZJ,Basistoezicht,Basistoezicht
13SF,Basistoezicht,Basistoezicht
13NV,Basistoezicht,Basistoezicht
13IV,Basistoezicht,Basistoezicht
27PD,Basistoezicht,Basistoezicht
27CK,Basistoezicht,Basistoezicht
27CF,Basistoezicht,Basistoezicht
12XN,Basistoezicht,Basistoezicht
12HQ,Basistoezicht,Basistoezicht
11YJ,Basistoezicht,Basistoezicht
04UW,Basistoezicht,Basistoezicht
04ND,Basistoezicht,Basistoezicht
29XP,Basistoezicht,Basistoezicht
26AT,Basistoezicht,Basistoezicht
09AM,Basistoezicht,Basistoezicht
07VK,Basistoezicht,Basistoezicht
05IS,Basistoezicht,Basistoezicht
05IH,Basistoezicht,Basistoezicht, Basistoezicht, Zwak, Zeer zwak, Geen oordeel
06XJ,Basistoezicht,Basistoezicht
06WX,Basistoezicht,Basistoezicht
27XK,Basistoezicht,Basistoezicht
24PA,Basistoezicht,Basistoezicht, Basistoezicht, Zwak, Zeer zwak, Geen oordeel
15FO,Basistoezicht,Basistoezicht,Basistoezicht, Basistoezicht, Zwak, Zeer zwak, Geen oordeel
15FO,Basistoezicht,Basistoezicht,Basistoezicht, Basistoezicht, Zwak, Zeer zwak, Geen oordeel
14KP,Basistoezicht,Basistoezicht, Basistoezicht, Zwak, Zeer zwak, Geen oordeel
14HY,Basistoezicht,Basistoezicht
14FG,Basistoezicht,Basistoezicht, Basistoezicht, Zwak, Zeer zwak, Geen oordeel
14CL,Basistoezicht,Basistoezicht
13NX,Basistoezicht,Basistoezicht
13DM,Basistoezicht,Basistoezicht
12XS,Basistoezicht,Basistoezicht
11OS,Basistoezicht,Basistoezicht, Basistoezicht, Zwak, Zeer zwak, Geen oordeel
11BY,Basistoezicht,Basistoezicht
10MO,Basistoezicht,Basistoezicht
09TC,Basistoezicht,Basistoezicht
08UY,Basistoezicht,Basistoezicht
07ZC,Basistoezicht,Basistoezicht
06NO,Basistoezicht,Basistoezicht
05SR,Basistoezicht,Basistoezicht
04FI,Basistoezicht,Basistoezicht, Basistoezicht, Zwak, Zeer zwak, Geen oordeel
03WW,Basistoezicht,Zwak
11MQ,Basistoezicht,Basistoezicht
06VN,Basistoezicht,Basistoezicht
06VD,Basistoezicht,Basistoezicht
06UW,Basistoezicht,Basistoezicht
26AZ,Geen oordeel,Basistoezicht, Basistoezicht, Zwak, Zeer zwak, Geen oordeel
19VH,Basistoezicht,Basistoezicht
19TA,Basistoezicht,Basistoezicht
17ZZ,Basistoezicht,Basistoezicht
17ZS,Basistoezicht,Basistoezicht
17ZM,Basistoezicht,Basistoezicht
17ZH,Basistoezicht,Basistoezicht
17YY,Basistoezicht,Basistoezicht
17YO,Basistoezicht,Basistoezicht
17YA,Basistoezicht,Basistoezicht
17XC,Basistoezicht,Basistoezicht
17VA,Basistoezicht,Basistoezicht
17UD,Basistoezicht,Basistoezicht
17TY,Basistoezicht,Basistoezicht
17TT,Basistoezicht,Basistoezicht
17TN,Basistoezicht,Basistoezicht
17TD,Basistoezicht,Basistoezicht, Basistoezicht, Zwak, Zeer zwak, Geen oordeel
17SU,Basistoezicht,Basistoezicht
17SI,Basistoezicht,Basistoezicht
17RV,Basistoezicht,Basistoezicht, Basistoezicht, Zwak, Zeer zwak, Geen oordeel
17RI,Basistoezicht,Basistoezicht
17QF,Basistoezicht,Basistoezicht
17PQ,Basistoezicht,Basistoezicht
17PB,Basistoezicht,Basistoezicht
16ZP,Basistoezicht,Basistoezicht
16XN,Basistoezicht,Basistoezicht
16WH,Basistoezicht,Basistoezicht
07YO,Basistoezicht,Basistoezicht
05OL,Basistoezicht,Basistoezicht
06SO,Basistoezicht,Basistoezicht
06SJ,Basistoezicht,Basistoezicht
06OQ,Basistoezicht,Basistoezicht
05EO,Basistoezicht,Basistoezicht
03YS,Basistoezicht,Basistoezicht
15CQ,Basistoezicht,Basistoezicht
15CP,Basistoezicht,Basistoezicht
24RU,Basistoezicht,Basistoezicht
09DH,Basistoezicht,Geen oordeel, Basistoezicht, Zwak, Zeer zwak, Geen oordeel
08CM,Basistoezicht,Basistoezicht, Basistoezicht, Zwak, Zeer zwak, Geen oordeel
08CM,Basistoezicht,Basistoezicht, Basistoezicht, Zwak, Zeer zwak, Geen oordeel
06XQ,Basistoezicht,Basistoezicht
06UQ,Basistoezicht,Zwak
06RE,Basistoezicht,Basistoezicht
03ZB,Basistoezicht,Basistoezicht
27LR,Basistoezicht,Basistoezicht
09NH,Basistoezicht,Basistoezicht
04QM,Basistoezicht,Basistoezicht, Basistoezicht, Zwak, Zeer zwak, Geen oordeel
06OU,Basistoezicht,Basistoezicht
06OS,Basistoezicht,Basistoezicht
20VF,Basistoezicht,Basistoezicht
20VD,Basistoezicht,Basistoezicht
20VB,Basistoezicht,Basistoezicht
20UW,Basistoezicht,Basistoezicht, Basistoezicht, Zwak, Zeer zwak, Geen oordeel
20UL,Basistoezicht,Basistoezicht
09XT,Basistoezicht,Basistoezicht
09UI,Basistoezicht,Basistoezicht
09AW,Basistoezicht,Basistoezicht
07NB,Basistoezicht,Basistoezicht
04TD,Basistoezicht,Basistoezicht
06NX,Basistoezicht,Basistoezicht
08XJ,Basistoezicht,Basistoezicht
07OW,Basistoezicht,Basistoezicht
16YU,Basistoezicht,Basistoezicht, Basistoezicht, Zwak, Zeer zwak, Geen oordeel
16YB,Basistoezicht,Basistoezicht
16WZ,Basistoezicht,Basistoezicht, Basistoezicht, Zwak, Zeer zwak, Geen oordeel
16UW,Geen oordeel,Basistoezicht, Basistoezicht, Zwak, Zeer zwak, Geen oordeel
14KK,Basistoezicht,Basistoezicht
14HU,Basistoezicht,Basistoezicht
14FC,Basistoezicht,Basistoezicht
13YZ,Basistoezicht,Geen oordeel, Basistoezicht, Zwak, Zeer zwak, Geen oordeel
13YZ,Basistoezicht,Geen oordeel, Basistoezicht, Zwak, Zeer zwak, Geen oordeel
13RP,Basistoezicht,Basistoezicht
13NA,Basistoezicht,Basistoezicht
13HY,Basistoezicht,Basistoezicht
12WT,Basistoezicht,Basistoezicht, Basistoezicht, Zwak, Zeer zwak, Geen oordeel
12PF,Basistoezicht,Basistoezicht
12GJ,Basistoezicht,Basistoezicht
10QX,Basistoezicht,Basistoezicht,Basistoezicht, Basistoezicht, Zwak, Zeer zwak, Geen oordeel
10QX,Basistoezicht,Basistoezicht,Basistoezicht, Basistoezicht, Zwak, Zeer zwak, Geen oordeel
10MY,Basistoezicht,Basistoezicht
09YO,Basistoezicht,Basistoezicht
09TP,Basistoezicht,Basistoezicht
09CV,Basistoezicht,Basistoezicht
08VN,Basistoezicht,Basistoezicht
04UT,Basistoezicht,Basistoezicht
05VX,Basistoezicht,Basistoezicht,Basistoezicht, Basistoezicht, Zwak, Zeer zwak, Geen oordeel
08XI,Basistoezicht,Basistoezicht
07OL,Basistoezicht,Basistoezicht
13KI,Basistoezicht,Basistoezicht
12JX,Basistoezicht,Basistoezicht
12BR,Basistoezicht,Basistoezicht
12AP,Geen oordeel,Basistoezicht, Basistoezicht, Zwak, Zeer zwak, Geen oordeel
11QX,Basistoezicht,Basistoezicht, Basistoezicht, Zwak, Zeer zwak, Geen oordeel
11DD,Basistoezicht,Basistoezicht
05HA,Basistoezicht,Basistoezicht
06LP,Basistoezicht,Basistoezicht
08XF,Basistoezicht,Basistoezicht
23CR,Basistoezicht,Basistoezicht
15CC,Basistoezicht,Basistoezicht, Basistoezicht, Zwak, Zeer zwak, Geen oordeel
13WQ,Basistoezicht,Basistoezicht
13TG,Basistoezicht,Basistoezicht
13PG,Basistoezicht,Basistoezicht,Basistoezicht,Basistoezicht, Basistoezicht, Zwak, Zeer zwak, Geen oordeel
12JW,Basistoezicht,Basistoezicht, Basistoezicht, Zwak, Zeer zwak, Geen oordeel
06LJ,Basistoezicht,Basistoezicht
03ST,Basistoezicht,Basistoezicht
04UK,Basistoezicht,Basistoezicht
11PL,Basistoezicht,Basistoezicht
11CV,Basistoezicht,Geen oordeel, Basistoezicht, Zwak, Zeer zwak, Geen oordeel
10NN,Basistoezicht,Basistoezicht
08WS,Basistoezicht,Basistoezicht
04UG,Basistoezicht,Basistoezicht
12YZ,Basistoezicht,Basistoezicht, Basistoezicht, Zwak, Zeer zwak, Geen oordeel
12JU,Basistoezicht,Basistoezicht, Basistoezicht, Zwak, Zeer zwak, Geen oordeel
11CU,Basistoezicht,Basistoezicht
10NM,Basistoezicht,Basistoezicht
03RQ,Basistoezicht,Basistoezicht
24DX,Basistoezicht,Basistoezicht
13YX,Basistoezicht,Geen oordeel, Basistoezicht, Zwak, Zeer zwak, Geen oordeel
13MY,Basistoezicht,Basistoezicht, Basistoezicht, Zwak, Zeer zwak, Geen oordeel
13HN,Basistoezicht,Basistoezicht
13CM,Basistoezicht,Basistoezicht, Basistoezicht, Zwak, Zeer zwak, Geen oordeel
12EZ,Basistoezicht,Basistoezicht
06KQ,Basistoezicht,Basistoezicht
14FR,Basistoezicht
31DN,Geen oordeel
27YW,Basistoezicht
26AE,Basistoezicht
21LX,Basistoezicht,Basistoezicht, Basistoezicht, Zwak, Zeer zwak, Geen oordeel
18LQ,Basistoezicht
18GD,Basistoezicht
14MU,Basistoezicht
14HR,Basistoezicht
14BV,Basistoezicht
13YO,Basistoezicht,Basistoezicht, Basistoezicht, Zwak, Zeer zwak, Geen oordeel
13WB,Basistoezicht,Basistoezicht, Basistoezicht, Zwak, Zeer zwak, Geen oordeel
13SN,Basistoezicht
13RB,Basistoezicht
13OJ,Basistoezicht
12ID,Basistoezicht,Basistoezicht, Basistoezicht, Zwak, Zeer zwak, Geen oordeel
30XM,Basistoezicht,Basistoezicht
07YM,Basistoezicht,Basistoezicht
07NZ,Basistoezicht,Basistoezicht
07NM,Basistoezicht,Basistoezicht
07CB,Basistoezicht,Basistoezicht
07AE,Basistoezicht,Basistoezicht
05TI,Basistoezicht,Basistoezicht
05SB,Basistoezicht,Basistoezicht
05QU,Basistoezicht,Basistoezicht, Basistoezicht, Zwak, Zeer zwak, Geen oordeel
05MQ,Basistoezicht,Basistoezicht
04RX,Basistoezicht,Basistoezicht
04PW,Basistoezicht,Basistoezicht
04OR,Basistoezicht,Basistoezicht
04MD,Basistoezicht,Basistoezicht
30KD,Basistoezicht,Basistoezicht
07XH,Basistoezicht,Basistoezicht
07PE,Basistoezicht,Basistoezicht
06ET,Basistoezicht,Basistoezicht
06ES,Basistoezicht,Basistoezicht
11HR,Basistoezicht,Basistoezicht, Basistoezicht, Zwak, Zeer zwak, Geen oordeel
10BR,Basistoezicht,Basistoezicht
27XB,Basistoezicht,Basistoezicht
19MA,Basistoezicht,Basistoezicht
19KI,Basistoezicht,Basistoezicht,Basistoezicht, Basistoezicht, Zwak, Zeer zwak, Geen oordeel
07YP,Basistoezicht,Basistoezicht
05QH,Basistoezicht,Basistoezicht
05OQ,Basistoezicht,Basistoezicht
11AQ,Basistoezicht,Basistoezicht,Basistoezicht, Basistoezicht, Zwak, Zeer zwak, Geen oordeel
17RO,Basistoezicht,Basistoezicht
22KG,Basistoezicht,Basistoezicht
21QE,Basistoezicht,Basistoezicht
16AU,Basistoezicht,Basistoezicht
15YY,Basistoezicht,Basistoezicht
15WV,Basistoezicht,Basistoezicht
15UO,Basistoezicht,Basistoezicht, Basistoezicht, Zwak, Zeer zwak, Geen oordeel
15SH,Basistoezicht,Basistoezicht
15PX,Basistoezicht,Basistoezicht
15NJ,Basistoezicht,Basistoezicht, Basistoezicht, Zwak, Zeer zwak, Geen oordeel
15KV,Basistoezicht,Basistoezicht, Basistoezicht, Zwak, Zeer zwak, Geen oordeel
15IC,Basistoezicht,Basistoezicht
14MM,Basistoezicht,Basistoezicht
11FM,Basistoezicht,Basistoezicht, Basistoezicht, Zwak, Zeer zwak, Geen oordeel
09YU,Basistoezicht,Basistoezicht, Basistoezicht, Zwak, Zeer zwak, Geen oordeel
09CP,Basistoezicht,Basistoezicht
04TC,Basistoezicht,Basistoezicht
08TM,Basistoezicht,Basistoezicht
29YF,Basistoezicht,Basistoezicht
29YC,Basistoezicht,Geen oordeel, Basistoezicht, Zwak, Zeer zwak, Geen oordeel
05IJ,Basistoezicht,Basistoezicht
24NY,Basistoezicht,Basistoezicht,Basistoezicht, Basistoezicht, Zwak, Zeer zwak, Geen oordeel
24NX,Basistoezicht,Basistoezicht
20KW,Basistoezicht,Basistoezicht
20HQ,Basistoezicht,Basistoezicht
20HA,Basistoezicht,Basistoezicht
20FK,Basistoezicht,Basistoezicht, Basistoezicht, Zwak, Zeer zwak, Geen oordeel
19DS,Basistoezicht,Basistoezicht
19DQ,Basistoezicht,Basistoezicht
19DN,Basistoezicht,Basistoezicht,Basistoezicht, Basistoezicht, Zwak, Zeer zwak, Geen oordeel
19DN,Basistoezicht,Basistoezicht,Basistoezicht, Basistoezicht, Zwak, Zeer zwak, Geen oordeel
19CT,Basistoezicht,Basistoezicht
19CF,Basistoezicht,Basistoezicht
19CB,Basistoezicht,Basistoezicht, Basistoezicht, Zwak, Zeer zwak, Geen oordeel
19BU,Basistoezicht,Basistoezicht, Basistoezicht, Zwak, Zeer zwak, Geen oordeel
19BU,Basistoezicht,Basistoezicht, Basistoezicht, Zwak, Zeer zwak, Geen oordeel
19BE,Basistoezicht,Basistoezicht
19AF,Basistoezicht,Basistoezicht
18ZU,Basistoezicht,Basistoezicht
18ZH,Basistoezicht,Basistoezicht
18WX,Basistoezicht,Basistoezicht, Basistoezicht, Zwak, Zeer zwak, Geen oordeel
18WG,Basistoezicht,Basistoezicht
18VR,Basistoezicht,Basistoezicht
18VF,Basistoezicht,Zwak
18UM,Basistoezicht,Zwak, Basistoezicht, Zwak, Zeer zwak, Geen oordeel
18TM,Basistoezicht,Basistoezicht
18SV,Basistoezicht,Basistoezicht
18QZ,Basistoezicht,Basistoezicht, Basistoezicht, Zwak, Zeer zwak, Geen oordeel
18QZ,Basistoezicht,Basistoezicht, Basistoezicht, Zwak, Zeer zwak, Geen oordeel
18PX,Zwak,Zwak, Basistoezicht, Zwak, Zeer zwak, Geen oordeel
18OR,Basistoezicht,Basistoezicht
18LX,Basistoezicht,Basistoezicht, Basistoezicht, Zwak, Zeer zwak, Geen oordeel
18LX,Basistoezicht,Basistoezicht, Basistoezicht, Zwak, Zeer zwak, Geen oordeel
18GY,Basistoezicht,Basistoezicht,Basistoezicht, Basistoezicht, Zwak, Zeer zwak, Geen oordeel
18EE,Basistoezicht,Basistoezicht, Basistoezicht, Zwak, Zeer zwak, Geen oordeel
18BO,Basistoezicht,Basistoezicht
18BL,Basistoezicht,Basistoezicht
17PN,Basistoezicht,Basistoezicht
17OY,Basistoezicht,Basistoezicht
17OJ,Basistoezicht,Basistoezicht
17NU,Basistoezicht,Basistoezicht
17NJ,Basistoezicht,Basistoezicht
17MV,Basistoezicht,Basistoezicht
17LO,Basistoezicht,Basistoezicht
17JH,Basistoezicht,Basistoezicht, Basistoezicht, Zwak, Zeer zwak, Geen oordeel
17JH,Basistoezicht,Basistoezicht, Basistoezicht, Zwak, Zeer zwak, Geen oordeel
17FY,Basistoezicht,Basistoezicht, Basistoezicht, Zwak, Zeer zwak, Geen oordeel
17FH,Basistoezicht,Basistoezicht, Basistoezicht, Zwak, Zeer zwak, Geen oordeel
17EO,Basistoezicht,Basistoezicht
16JC,Basistoezicht,Basistoezicht,Basistoezicht, Basistoezicht, Zwak, Zeer zwak, Geen oordeel
16JC,Basistoezicht,Basistoezicht,Basistoezicht, Basistoezicht, Zwak, Zeer zwak, Geen oordeel
14JR,Basistoezicht,Basistoezicht
14HB,Basistoezicht,Basistoezicht, Basistoezicht, Zwak, Zeer zwak, Geen oordeel
14EJ,Basistoezicht,Basistoezicht
13QN,Basistoezicht,Basistoezicht,Basistoezicht, Basistoezicht, Zwak, Zeer zwak, Geen oordeel
13LW,Basistoezicht,Basistoezicht
13BC,Basistoezicht,Basistoezicht, Basistoezicht, Zwak, Zeer zwak, Geen oordeel
13BC,Basistoezicht,Basistoezicht, Basistoezicht, Zwak, Zeer zwak, Geen oordeel
12VC,Basistoezicht,Basistoezicht
12DY,Basistoezicht,Basistoezicht
11UB,Basistoezicht,Basistoezicht,Basistoezicht, Basistoezicht, Zwak, Zeer zwak, Geen oordeel
11SY,Basistoezicht,Basistoezicht
10UF,Basistoezicht,Basistoezicht
09GQ,Basistoezicht,Basistoezicht
08GN,Basistoezicht,Basistoezicht
06BG,Basistoezicht,Basistoezicht
03DX,Basistoezicht,Zwak
00DO,Basistoezicht,Basistoezicht
12MR,Basistoezicht,Basistoezicht,Basistoezicht, Basistoezicht, Zwak, Zeer zwak, Geen oordeel
11HV,Basistoezicht,Basistoezicht
23TT,Basistoezicht,Basistoezicht
14YV,Basistoezicht,Basistoezicht, Basistoezicht, Zwak, Zeer zwak, Geen oordeel
14YV,Basistoezicht,Basistoezicht, Basistoezicht, Zwak, Zeer zwak, Geen oordeel
07MH,Basistoezicht,Basistoezicht
06OT,Basistoezicht,Basistoezicht
06KU,Basistoezicht,Basistoezicht
05SW,Basistoezicht,Basistoezicht
03ZF,Basistoezicht,Basistoezicht
03HV,Basistoezicht,Basistoezicht, Basistoezicht, Zwak, Zeer zwak, Geen oordeel
03HV,Basistoezicht,Basistoezicht, Basistoezicht, Zwak, Zeer zwak, Geen oordeel
03HI,Basistoezicht,Basistoezicht
03HH,Basistoezicht,Basistoezicht
00AV,Basistoezicht,Basistoezicht
00AP,Basistoezicht,Basistoezicht
24BG,Basistoezicht,Basistoezicht,Basistoezicht, Basistoezicht, Zwak, Zeer zwak, Geen oordeel
24BG,Basistoezicht,Basistoezicht,Basistoezicht, Basistoezicht, Zwak, Zeer zwak, Geen oordeel
15VM,Basistoezicht,Basistoezicht,Basistoezicht, Basistoezicht, Zwak, Zeer zwak, Geen oordeel
15OH,Basistoezicht,Basistoezicht, Basistoezicht, Zwak, Zeer zwak, Geen oordeel
15LX,Basistoezicht,Geen oordeel, Basistoezicht, Zwak, Zeer zwak, Geen oordeel
14LB,Basistoezicht,Basistoezicht
14FU,Basistoezicht,Basistoezicht,Basistoezicht, Basistoezicht, Zwak, Zeer zwak, Geen oordeel
13ZS,Basistoezicht,Basistoezicht
10UK,Basistoezicht,Basistoezicht
10CU,Basistoezicht,Basistoezicht
09ZO,Basistoezicht,Basistoezicht
09RP,Basistoezicht,Basistoezicht
09HC,Basistoezicht,Basistoezicht, Basistoezicht, Zwak, Zeer zwak, Geen oordeel
09HC,Basistoezicht,Basistoezicht, Basistoezicht, Zwak, Zeer zwak, Geen oordeel
08UA,Basistoezicht,Basistoezicht
08TI,Basistoezicht,Geen oordeel, Basistoezicht, Zwak, Zeer zwak, Geen oordeel
08IE,Basistoezicht,Basistoezicht
08DI,Basistoezicht,Basistoezicht
07FZ,Basistoezicht,Basistoezicht, Basistoezicht, Zwak, Zeer zwak, Geen oordeel
07AF,Basistoezicht,Basistoezicht
04HT,Basistoezicht,Basistoezicht
02ZF,Basistoezicht,Basistoezicht
01XH,Basistoezicht,Basistoezicht
01VY,Basistoezicht,Basistoezicht
00AZ,Basistoezicht,Geen oordeel, Basistoezicht, Zwak, Zeer zwak, Geen oordeel
28DA,Basistoezicht,Basistoezicht
27VA,Basistoezicht,Basistoezicht
26PP,Basistoezicht,Basistoezicht
26PJ,Basistoezicht,Basistoezicht
26AX,Basistoezicht,Basistoezicht
26AU,Basistoezicht,Basistoezicht
19ZJ,Basistoezicht,Basistoezicht
19ZF,Basistoezicht,Basistoezicht
19YX,Basistoezicht,Basistoezicht
19YS,Basistoezicht,Basistoezicht
19YL,Basistoezicht,Basistoezicht
19XU,Basistoezicht,Basistoezicht
19WO,Basistoezicht,Basistoezicht
19VV,Basistoezicht,Zwak
19VB,Basistoezicht,Geen oordeel, Basistoezicht, Zwak, Zeer zwak, Geen oordeel
19UK,Basistoezicht,Basistoezicht
19TO,Basistoezicht,Basistoezicht
19SI,Basistoezicht,Basistoezicht
19QD,Basistoezicht,Basistoezicht, Basistoezicht, Zwak, Zeer zwak, Geen oordeel
19OQ,Basistoezicht,Basistoezicht, Basistoezicht, Zwak, Zeer zwak, Geen oordeel
19OC,Basistoezicht,Basistoezicht
19NZ,Basistoezicht,Basistoezicht
19NW,Basistoezicht,Basistoezicht
19NT,Basistoezicht,Basistoezicht
19NQ,Basistoezicht,Basistoezicht, Basistoezicht, Zwak, Zeer zwak, Geen oordeel
19NN,Basistoezicht,Basistoezicht
19MZ,Basistoezicht,Basistoezicht
19MU,Basistoezicht,Basistoezicht
19MP,Basistoezicht,Basistoezicht
19MH,Basistoezicht,Basistoezicht, Basistoezicht, Zwak, Zeer zwak, Geen oordeel
19LY,Basistoezicht,Basistoezicht, Basistoezicht, Zwak, Zeer zwak, Geen oordeel
19LY,Basistoezicht,Basistoezicht, Basistoezicht, Zwak, Zeer zwak, Geen oordeel
19LI,Basistoezicht,Basistoezicht
18PQ,Basistoezicht,Basistoezicht
18AR,Basistoezicht,Basistoezicht
17PY,Basistoezicht,Basistoezicht
17PJ,Basistoezicht,Basistoezicht
17NQ,Basistoezicht,Basistoezicht
17NF,Basistoezicht,Basistoezicht
17MR,Basistoezicht,Basistoezicht
17MC,Basistoezicht,Basistoezicht
17JE,Basistoezicht,Basistoezicht
17FV,Basistoezicht,Basistoezicht
17FN,Basistoezicht,Basistoezicht
17FE,Basistoezicht,Basistoezicht, Basistoezicht, Zwak, Zeer zwak, Geen oordeel
17EU,Basistoezicht,Basistoezicht
17EK,Basistoezicht,Basistoezicht, Basistoezicht, Zwak, Zeer zwak, Geen oordeel
17EK,Basistoezicht,Basistoezicht, Basistoezicht, Zwak, Zeer zwak, Geen oordeel
15SK,Basistoezicht,Basistoezicht
15QA,Basistoezicht,Basistoezicht, Basistoezicht, Zwak, Zeer zwak, Geen oordeel
15IF,Basistoezicht,Basistoezicht
14YM,Basistoezicht,Basistoezicht
14MS,Basistoezicht,Basistoezicht,Basistoezicht, Basistoezicht, Zwak, Zeer zwak, Geen oordeel
14EW,Basistoezicht,Basistoezicht, Basistoezicht, Zwak, Zeer zwak, Geen oordeel
13ZO,Basistoezicht,Basistoezicht
13XH,Basistoezicht,Basistoezicht
13WC,Basistoezicht,Basistoezicht
13OK,Basistoezicht,Basistoezicht
13LE,Basistoezicht,Basistoezicht
13JH,Basistoezicht,Basistoezicht
13HC,Basistoezicht,Basistoezicht
13AK,Basistoezicht,Basistoezicht
12VO,Basistoezicht,Basistoezicht
12UE,Basistoezicht,Basistoezicht
12NN,Basistoezicht,Basistoezicht
09NL,Basistoezicht,Basistoezicht
15KN,Basistoezicht,Basistoezicht
15HT,Basistoezicht,Basistoezicht, Basistoezicht, Zwak, Zeer zwak, Geen oordeel
15EJ,Basistoezicht,Basistoezicht
14XU,Basistoezicht,Basistoezicht, Basistoezicht, Zwak, Zeer zwak, Geen oordeel
14GW,Basistoezicht,Basistoezicht
14EC,Basistoezicht,Basistoezicht, Basistoezicht, Zwak, Zeer zwak, Geen oordeel
14AZ,Basistoezicht,Basistoezicht
13XQ,Basistoezicht,Basistoezicht
13LM,Basistoezicht,Basistoezicht,Basistoezicht,Basistoezicht, Basistoezicht, Zwak, Zeer zwak, Geen oordeel
13GL,Basistoezicht,Basistoezicht
27RM,Basistoezicht,Basistoezicht, Basistoezicht, Zwak, Zeer zwak, Geen oordeel
13RI,Basistoezicht,Basistoezicht
13MP,Basistoezicht,Basistoezicht
13BY,Basistoezicht,Basistoezicht,Basistoezicht, Basistoezicht, Zwak, Zeer zwak, Geen oordeel
13BY,Basistoezicht,Basistoezicht,Basistoezicht, Basistoezicht, Zwak, Zeer zwak, Geen oordeel
12CL,Basistoezicht,Basistoezicht
11RZ,Basistoezicht,Basistoezicht, Basistoezicht, Zwak, Zeer zwak, Geen oordeel
08CK,Basistoezicht,Basistoezicht
05WN,Basistoezicht,Basistoezicht
20PN,Basistoezicht,Basistoezicht
20OQ,Basistoezicht,Basistoezicht, Basistoezicht, Zwak, Zeer zwak, Geen oordeel
15PO,Basistoezicht,Basistoezicht
15NA,Basistoezicht,Basistoezicht
15KL,Basistoezicht,Basistoezicht
15HR,Basistoezicht,Basistoezicht, Basistoezicht, Zwak, Zeer zwak, Geen oordeel
15HR,Basistoezicht,Basistoezicht, Basistoezicht, Zwak, Zeer zwak, Geen oordeel
14JK,Basistoezicht,Basistoezicht
14DZ,Basistoezicht,Basistoezicht, Basistoezicht, Zwak, Zeer zwak, Geen oordeel
14DZ,Basistoezicht,Basistoezicht, Basistoezicht, Zwak, Zeer zwak, Geen oordeel
15YU,Basistoezicht,Basistoezicht,Basistoezicht, Basistoezicht, Zwak, Zeer zwak, Geen oordeel
15HY,Basistoezicht,Basistoezicht
15EQ,Basistoezicht,Basistoezicht
13YD,Basistoezicht,Basistoezicht,Basistoezicht, Basistoezicht, Zwak, Zeer zwak, Geen oordeel
13LF,Basistoezicht,Zwak
12DE,Zwak,Zwak, Basistoezicht, Zwak, Zeer zwak, Geen oordeel
07XO,Basistoezicht,Basistoezicht
03GD,Basistoezicht,Basistoezicht
11LX,Basistoezicht,Basistoezicht, Basistoezicht, Zwak, Zeer zwak, Geen oordeel
10YK,Basistoezicht,Basistoezicht
07PP,Basistoezicht,Zwak
04XT,Basistoezicht,Basistoezicht
04QL,Basistoezicht,Basistoezicht
04PJ,Basistoezicht,Basistoezicht
04NB,Basistoezicht,Basistoezicht
04LO,Basistoezicht,Basistoezicht
22KD,Basistoezicht,Basistoezicht
21QK,Basistoezicht,Basistoezicht
18OA,Basistoezicht,Basistoezicht
18JF,Basistoezicht,Basistoezicht
15XO,Basistoezicht,Basistoezicht,Basistoezicht, Basistoezicht, Zwak, Zeer zwak, Geen oordeel
15AN,Basistoezicht,Geen oordeel,Basistoezicht, Basistoezicht, Zwak, Zeer zwak, Geen oordeel
10CR,Basistoezicht,Basistoezicht
27MK,Basistoezicht,Basistoezicht,Basistoezicht,Basistoezicht,Basistoezicht, Basistoezicht, Zwak, Zeer zwak, Geen oordeel
23PC,Basistoezicht,Basistoezicht
18ZW,Basistoezicht,Basistoezicht
18YS,Basistoezicht,Basistoezicht,Basistoezicht, Basistoezicht, Zwak, Zeer zwak, Geen oordeel
18XB,Basistoezicht,Basistoezicht
18VN,Basistoezicht,Basistoezicht
18VI,Basistoezicht,Basistoezicht
18UY,Basistoezicht,Basistoezicht
18UQ,Basistoezicht,Basistoezicht
18UG,Basistoezicht,Basistoezicht
18RJ,Basistoezicht,Basistoezicht,Basistoezicht, Basistoezicht, Zwak, Zeer zwak, Geen oordeel
18NV,Basistoezicht,Basistoezicht, Basistoezicht, Zwak, Zeer zwak, Geen oordeel
18MO,Geen oordeel,Zwak, Basistoezicht, Zwak, Zeer zwak, Geen oordeel
14ZT,Basistoezicht,Basistoezicht
13ES,Basistoezicht,Zwak, Basistoezicht, Zwak, Zeer zwak, Geen oordeel
13ES,Basistoezicht,Zwak, Basistoezicht, Zwak, Zeer zwak, Geen oordeel
12YU,Basistoezicht,Basistoezicht, Basistoezicht, Zwak, Zeer zwak, Geen oordeel
11VJ,Basistoezicht,Basistoezicht, Basistoezicht, Zwak, Zeer zwak, Geen oordeel
11JU,Basistoezicht,Zwak
09BQ,Basistoezicht,Basistoezicht
07JU,Basistoezicht,Basistoezicht
05VL,Basistoezicht,Basistoezicht
05MU,Basistoezicht,Basistoezicht
04TJ,Basistoezicht,Basistoezicht
18LP,Basistoezicht,Basistoezicht
18KD,Basistoezicht,Basistoezicht
18ID,Basistoezicht,Basistoezicht
10UD,Basistoezicht,Basistoezicht
10CI,Basistoezicht,Basistoezicht
10CF,Basistoezicht,Basistoezicht
09IV,Basistoezicht,Basistoezicht
09GN,Basistoezicht,Basistoezicht
09GK,Basistoezicht,Basistoezicht
08IV,Basistoezicht,Basistoezicht
08GK,Basistoezicht,Basistoezicht
06DJ,Basistoezicht,Basistoezicht
28CZ,Basistoezicht,Basistoezicht
27KE,Basistoezicht,Basistoezicht
27JX,Basistoezicht,Basistoezicht
25KN,Basistoezicht,Basistoezicht, Basistoezicht, Zwak, Zeer zwak, Geen oordeel
18MC,Basistoezicht,Basistoezicht
18DR,Basistoezicht,Basistoezicht
11JK,Basistoezicht,Basistoezicht
10DV,Basistoezicht,Basistoezicht, Basistoezicht, Zwak, Zeer zwak, Geen oordeel
10AE,Basistoezicht,Basistoezicht, Basistoezicht, Zwak, Zeer zwak, Geen oordeel
08FS,Basistoezicht,Basistoezicht
07FY,Basistoezicht,Basistoezicht
04GH,Basistoezicht,Basistoezicht
03EU,Basistoezicht,Basistoezicht, Basistoezicht, Zwak, Zeer zwak, Geen oordeel
28CK,Basistoezicht,Basistoezicht
25KR,Basistoezicht,Basistoezicht, Basistoezicht, Zwak, Zeer zwak, Geen oordeel
08VK,Basistoezicht,Basistoezicht, Basistoezicht, Zwak, Zeer zwak, Geen oordeel
07XM,Basistoezicht,Basistoezicht
07XI,Basistoezicht,Basistoezicht
07LA,Basistoezicht,Basistoezicht
05MM,Basistoezicht,Basistoezicht
05MJ,Basistoezicht,Basistoezicht
12LT,Basistoezicht,Basistoezicht, Basistoezicht, Zwak, Zeer zwak, Geen oordeel
11SI,Basistoezicht,Basistoezicht, Basistoezicht, Zwak, Zeer zwak, Geen oordeel
21KE,Basistoezicht,Basistoezicht,Basistoezicht, Basistoezicht, Zwak, Zeer zwak, Geen oordeel
18LS,Basistoezicht,Basistoezicht, Basistoezicht, Zwak, Zeer zwak, Geen oordeel
06CY,Basistoezicht,Basistoezicht
06BE,Basistoezicht,Basistoezicht
05XZ,Basistoezicht,Basistoezicht
04HY,Basistoezicht,Basistoezicht
03FH,Basistoezicht,Basistoezicht
13RX,Basistoezicht,Basistoezicht
13IK,Basistoezicht,Basistoezicht, Basistoezicht, Zwak, Zeer zwak, Geen oordeel
13DD,Basistoezicht,Basistoezicht
12AA,Basistoezicht,Basistoezicht
11OW,Basistoezicht,Basistoezicht
11CD,Basistoezicht,Basistoezicht
10RA,Basistoezicht,Basistoezicht
10NA,Basistoezicht,Basistoezicht
10JN,Basistoezicht,Basistoezicht
09YS,Basistoezicht,Geen oordeel, Basistoezicht, Zwak, Zeer zwak, Geen oordeel
09PI,Basistoezicht,Basistoezicht
07LZ,Basistoezicht,Basistoezicht
06DO,Basistoezicht,Basistoezicht
26PX,Basistoezicht,Basistoezicht
20UU,Basistoezicht,Basistoezicht
20UO,Basistoezicht,Basistoezicht
13AR,Basistoezicht,Basistoezicht
12UO,Basistoezicht,Basistoezicht
12NO,Basistoezicht,Basistoezicht
11JD,Basistoezicht,Basistoezicht, Basistoezicht, Zwak, Zeer zwak, Geen oordeel
10VD,Basistoezicht,Basistoezicht
09MH,Basistoezicht,Basistoezicht
09KZ,Basistoezicht,Basistoezicht
08NI,Basistoezicht,Basistoezicht
06LU,Basistoezicht,Basistoezicht
05DM,Basistoezicht,Basistoezicht
03TQ,Basistoezicht,Basistoezicht
03NT,Basistoezicht,Basistoezicht
14MW,Basistoezicht,Basistoezicht, Basistoezicht, Zwak, Zeer zwak, Geen oordeel
14KH,Basistoezicht,Basistoezicht
14FA,Basistoezicht,Basistoezicht
14BZ,Basistoezicht,Basistoezicht
13YT,Basistoezicht,Basistoezicht
13VG,Basistoezicht,Basistoezicht
13GW,Basistoezicht,Basistoezicht
13BG,Basistoezicht,Basistoezicht
13AY,Basistoezicht,Basistoezicht,Basistoezicht, Basistoezicht, Zwak, Zeer zwak, Geen oordeel
13AS,Basistoezicht,Basistoezicht
12VH,Basistoezicht,Basistoezicht
12UP,Basistoezicht,Basistoezicht
12NG,Basistoezicht,Basistoezicht
12MN,Basistoezicht,Basistoezicht
12DU,Basistoezicht,Basistoezicht, Basistoezicht, Zwak, Zeer zwak, Geen oordeel
11GH,Basistoezicht,Basistoezicht
10BC,Basistoezicht,Basistoezicht
09ZS,Basistoezicht,Basistoezicht
09FD,Basistoezicht,Basistoezicht
15PZ,Basistoezicht,Basistoezicht
15NM,Basistoezicht,Basistoezicht
15IE,Basistoezicht,Basistoezicht, Basistoezicht, Zwak, Zeer zwak, Geen oordeel
14MR,Basistoezicht,Basistoezicht
13YL,Basistoezicht,Basistoezicht,Basistoezicht, Basistoezicht, Zwak, Zeer zwak, Geen oordeel
13QZ,Basistoezicht,Basistoezicht,Basistoezicht, Basistoezicht, Zwak, Zeer zwak, Geen oordeel
13HM,Basistoezicht,Basistoezicht
12WB,Basistoezicht,Basistoezicht
12EX,Basistoezicht,Basistoezicht, Basistoezicht, Zwak, Zeer zwak, Geen oordeel
09BX,Basistoezicht,Basistoezicht
07KZ,Basistoezicht,Basistoezicht
07JM,Basistoezicht,Basistoezicht
05TB,Basistoezicht,Basistoezicht
05QT,Basistoezicht,Basistoezicht
05OF,Basistoezicht,Basistoezicht
04RF,Basistoezicht,Basistoezicht
04QQ,Basistoezicht,Basistoezicht
23RJ,Basistoezicht,Basistoezicht, Basistoezicht, Zwak, Zeer zwak, Geen oordeel
18IE,Basistoezicht,Basistoezicht
18EH,Basistoezicht,Basistoezicht
18EB,Basistoezicht,Basistoezicht,Basistoezicht, Basistoezicht, Zwak, Zeer zwak, Geen oordeel
18EB,Basistoezicht,Basistoezicht,Basistoezicht, Basistoezicht, Zwak, Zeer zwak, Geen oordeel
15ED,Basistoezicht,Basistoezicht, Basistoezicht, Zwak, Zeer zwak, Geen oordeel
14DU,Basistoezicht,Basistoezicht
13XG,Basistoezicht,Basistoezicht
13TX,Basistoezicht,Basistoezicht
08GW,Basistoezicht,Basistoezicht
08FQ,Basistoezicht,Basistoezicht
06AM,Basistoezicht,Basistoezicht
04HD,Basistoezicht,Basistoezicht
03ET,Basistoezicht,Basistoezicht
03ES,Basistoezicht,Basistoezicht
18DU,Basistoezicht,Basistoezicht
14BC,Basistoezicht,Basistoezicht
13XT,Basistoezicht,Basistoezicht
13UJ,Basistoezicht,Basistoezicht
10TC,Basistoezicht,Basistoezicht
10EC,Basistoezicht,Basistoezicht
10DY,Basistoezicht,Basistoezicht
10BH,Basistoezicht,Basistoezicht
08IN,Basistoezicht,Basistoezicht
08GF,Basistoezicht,Basistoezicht
08FF,Basistoezicht,Basistoezicht
08EU,Basistoezicht,Basistoezicht
06AZ,Basistoezicht,Basistoezicht
03FJ,Basistoezicht,Basistoezicht
23CC,Basistoezicht,Basistoezicht,Basistoezicht,Basistoezicht, Basistoezicht, Zwak, Zeer zwak, Geen oordeel
13KS,Basistoezicht,Zwak, Basistoezicht, Zwak, Zeer zwak, Geen oordeel
12ZT,Basistoezicht,Basistoezicht
11RJ,Basistoezicht,Basistoezicht
11FL,Basistoezicht,Basistoezicht
10QY,Basistoezicht,Basistoezicht
28AL,Basistoezicht,Basistoezicht, Basistoezicht, Zwak, Zeer zwak, Geen oordeel
27MG,Basistoezicht,Basistoezicht, Basistoezicht, Zwak, Zeer zwak, Geen oordeel
24CP,Basistoezicht,Basistoezicht, Basistoezicht, Zwak, Zeer zwak, Geen oordeel
22MB,Basistoezicht,Basistoezicht, Basistoezicht, Zwak, Zeer zwak, Geen oordeel
16ND,Basistoezicht,Basistoezicht
16KB,Basistoezicht,Basistoezicht, Basistoezicht, Zwak, Zeer zwak, Geen oordeel
16HN,Basistoezicht,Basistoezicht, Basistoezicht, Zwak, Zeer zwak, Geen oordeel
16GD,Basistoezicht,Basistoezicht, Basistoezicht, Zwak, Zeer zwak, Geen oordeel
16CC,Basistoezicht,Basistoezicht
15YP,Basistoezicht,Basistoezicht
15UC,Basistoezicht,Basistoezicht, Basistoezicht, Zwak, Zeer zwak, Geen oordeel
15PJ,Basistoezicht,Basistoezicht, Basistoezicht, Zwak, Zeer zwak, Geen oordeel
15PJ,Basistoezicht,Basistoezicht, Basistoezicht, Zwak, Zeer zwak, Geen oordeel
15MU,Basistoezicht,Basistoezicht, Basistoezicht, Zwak, Zeer zwak, Geen oordeel
14LW,Basistoezicht,Basistoezicht
13XL,Basistoezicht,Basistoezicht,Basistoezicht, Basistoezicht, Zwak, Zeer zwak, Geen oordeel
13UB,Basistoezicht,Basistoezicht
13GC,Basistoezicht,Geen oordeel,Basistoezicht, Basistoezicht, Zwak, Zeer zwak, Geen oordeel
11TX,Basistoezicht,Basistoezicht, Basistoezicht, Zwak, Zeer zwak, Geen oordeel
10UA,Basistoezicht,Basistoezicht
22LM,Basistoezicht,Basistoezicht, Basistoezicht, Zwak, Zeer zwak, Geen oordeel
15BI,Basistoezicht,Basistoezicht, Basistoezicht, Zwak, Zeer zwak, Geen oordeel
10ZU,Aangepast toezicht financiële continuïteit,Basistoezicht
10JX,Aangepast toezicht financiële continuïteit,Basistoezicht
10EO,Basistoezicht,Basistoezicht, Basistoezicht, Zwak, Zeer zwak, Geen oordeel
07KJ,Aangepast toezicht financiële continuïteit,Basistoezicht
04WP,Aangepast toezicht financiële continuïteit,Basistoezicht
03HD,Basistoezicht,Basistoezicht, Basistoezicht, Zwak, Zeer zwak, Geen oordeel
22LO,Basistoezicht,Basistoezicht,Basistoezicht, Basistoezicht, Zwak, Zeer zwak, Geen oordeel
22JR,Basistoezicht,Basistoezicht
20BW,Basistoezicht,Zwak
18HR,Basistoezicht,Basistoezicht
18FG,Basistoezicht,Basistoezicht
09ZQ,Basistoezicht,Basistoezicht
09DT,Basistoezicht,Basistoezicht
06CA,Basistoezicht,Basistoezicht,Basistoezicht, Basistoezicht, Zwak, Zeer zwak, Geen oordeel
05ZF,Basistoezicht,Basistoezicht, Basistoezicht, Zwak, Zeer zwak, Geen oordeel
05YE,Basistoezicht,Basistoezicht
08SE,Aangepast toezicht financiële continuïteit,Basistoezicht
06UT,Aangepast toezicht financiële continuïteit,Basistoezicht
06MQ,Aangepast toezicht financiële continuïteit,Basistoezicht
17TH,Basistoezicht,Zeer zwak, Basistoezicht, Zwak, Zeer zwak, Geen oordeel
17SY,Basistoezicht,Basistoezicht
17QM,Basistoezicht,Basistoezicht, Basistoezicht, Zwak, Zeer zwak, Geen oordeel
17PH,Basistoezicht,Basistoezicht
17OS,Basistoezicht,Zwak
17OB,Basistoezicht,Basistoezicht, Basistoezicht, Zwak, Zeer zwak, Geen oordeel
17ND,Basistoezicht,Basistoezicht, Basistoezicht, Zwak, Zeer zwak, Geen oordeel
17MO,Basistoezicht,Basistoezicht, Basistoezicht, Zwak, Zeer zwak, Geen oordeel
17LX,Basistoezicht,Basistoezicht
17LB,Basistoezicht,Basistoezicht
12ZA,Basistoezicht,Basistoezicht
11PN,Basistoezicht,Zwak, Basistoezicht, Zwak, Zeer zwak, Geen oordeel
10NP,Basistoezicht,Basistoezicht
08WT,Basistoezicht,Basistoezicht
07OQ,Basistoezicht,Basistoezicht
23FH,Basistoezicht,Basistoezicht
07AJ,Basistoezicht,Basistoezicht
04NS,Basistoezicht,Basistoezicht
04EN,Basistoezicht,Basistoezicht
03TN,Basistoezicht,Basistoezicht, Basistoezicht, Zwak, Zeer zwak, Geen oordeel
13CL,Basistoezicht,Basistoezicht
11WQ,Basistoezicht,Basistoezicht
11LF,Basistoezicht,Basistoezicht
24RB,Basistoezicht,Basistoezicht
06PL,Basistoezicht,Basistoezicht
04PE,Basistoezicht,Basistoezicht
11EM,Basistoezicht,Basistoezicht
10PO,Basistoezicht,Zwak
09XC,Basistoezicht,Basistoezicht, Basistoezicht, Zwak, Zeer zwak, Geen oordeel
09AG,Basistoezicht,Basistoezicht
05AU,Basistoezicht,Basistoezicht
23EF,Basistoezicht,Basistoezicht
01VR,Basistoezicht,Basistoezicht
22KE,Basistoezicht,Basistoezicht
10QS,Basistoezicht,Basistoezicht
10QM,Basistoezicht,Zwak
09YF,Basistoezicht,Basistoezicht
09BY,Basistoezicht,Basistoezicht
09BO,Basistoezicht,Basistoezicht
07OH,Basistoezicht,Basistoezicht
05VG,Basistoezicht,Basistoezicht
05QX,Basistoezicht,Basistoezicht
05QI,Basistoezicht,Basistoezicht
04RV,Basistoezicht,Basistoezicht
04RQ,Basistoezicht,Geen oordeel, Basistoezicht, Zwak, Zeer zwak, Geen oordeel
04RQ,Basistoezicht,Geen oordeel, Basistoezicht, Zwak, Zeer zwak, Geen oordeel
04NT,Basistoezicht,Basistoezicht
09YQ,Basistoezicht,Basistoezicht
09LY,Basistoezicht,Basistoezicht
05RH,Basistoezicht,Basistoezicht
05PC,Basistoezicht,Zwak
04WV,Basistoezicht,Basistoezicht
04RU,Basistoezicht,Basistoezicht
07OV,Basistoezicht,Basistoezicht
04WG,Basistoezicht,Basistoezicht
06KD,Basistoezicht,Basistoezicht
13KD,Basistoezicht,Basistoezicht
12YV,Basistoezicht,Basistoezicht
12AH,Basistoezicht,Basistoezicht
11PD,Basistoezicht,Basistoezicht
11CE,Basistoezicht,Basistoezicht
08AW,Basistoezicht,Basistoezicht
07YY,Basistoezicht,Zwak
07YN,Basistoezicht,Basistoezicht
07XL,Basistoezicht,Basistoezicht
07NI,Basistoezicht,Basistoezicht
07BN,Basistoezicht,Basistoezicht
06RY,Basistoezicht,Basistoezicht
05SK,Basistoezicht,Basistoezicht
05SF,Basistoezicht,Basistoezicht
26PZ,Basistoezicht,Basistoezicht
04SR,Basistoezicht,Basistoezicht
07UR,Basistoezicht,Basistoezicht
07TH,Basistoezicht,Basistoezicht
07TB,Basistoezicht,Basistoezicht
06JF,Basistoezicht,Basistoezicht
06FU,Basistoezicht,Basistoezicht
04UN,Basistoezicht,Basistoezicht
03WL,Basistoezicht,Basistoezicht
03UG,Basistoezicht,Basistoezicht
03NY,Basistoezicht,Basistoezicht
03JG,Basistoezicht,Basistoezicht
15FH,Basistoezicht,Basistoezicht
14ZN,Basistoezicht,Basistoezicht
10HY,Basistoezicht,Basistoezicht
04VR,Basistoezicht,Basistoezicht
04GX,Basistoezicht,Basistoezicht, Basistoezicht, Zwak, Zeer zwak, Geen oordeel
03PH,Basistoezicht,Basistoezicht
22LN,Basistoezicht,Basistoezicht
21QV,Basistoezicht,Basistoezicht
16ZO,Basistoezicht,Basistoezicht
16YX,Basistoezicht,Basistoezicht
16YF,Basistoezicht,Basistoezicht
11QW,Basistoezicht,Basistoezicht
11ER,Basistoezicht,Basistoezicht
10PW,Basistoezicht,Basistoezicht
10OY,Basistoezicht,Basistoezicht
10FF,Basistoezicht,Basistoezicht
09WE,Basistoezicht,Basistoezicht
09JZ,Basistoezicht,Basistoezicht
08YP,Basistoezicht,Basistoezicht
08KD,Basistoezicht,Basistoezicht
07SG,Basistoezicht,Basistoezicht
07HL,Basistoezicht,Basistoezicht
06GB,Basistoezicht,Zwak
05JX,Basistoezicht,Basistoezicht
05ID,Basistoezicht,Basistoezicht
05DA,Basistoezicht,Basistoezicht
05CM,Basistoezicht,Basistoezicht
05CD,Basistoezicht,Basistoezicht
04IQ,Basistoezicht,Basistoezicht
28CE,Basistoezicht,Basistoezicht
27LY,Basistoezicht,Basistoezicht
26AV,Basistoezicht,Basistoezicht
25KP,Basistoezicht,Basistoezicht, Basistoezicht, Zwak, Zeer zwak, Geen oordeel
17KG,Basistoezicht,Basistoezicht
15MH,Basistoezicht,Basistoezicht
15JV,Basistoezicht,Basistoezicht, Basistoezicht, Zwak, Zeer zwak, Geen oordeel
14LL,Basistoezicht,Basistoezicht
14IX,Basistoezicht,Basistoezicht
14GD,Basistoezicht,Basistoezicht
14DJ,Basistoezicht,Basistoezicht
13WS,Basistoezicht,Zwak
13PI,Basistoezicht,Basistoezicht
13KK,Basistoezicht,Basistoezicht
13FA,Basistoezicht,Basistoezicht, Basistoezicht, Zwak, Zeer zwak, Geen oordeel
12SL,Basistoezicht,Basistoezicht,Geen oordeel, Basistoezicht, Zwak, Zeer zwak, Geen oordeel
12SL,Basistoezicht,Basistoezicht,Geen oordeel, Basistoezicht, Zwak, Zeer zwak, Geen oordeel
11LE,Basistoezicht,Basistoezicht
10XK,Basistoezicht,Zwak
10GK,Basistoezicht,Basistoezicht
07UO,Basistoezicht,Basistoezicht
07AK,Basistoezicht,Basistoezicht
06OP,Basistoezicht,Basistoezicht
06MV,Basistoezicht,Basistoezicht
05HD,Basistoezicht,Basistoezicht
04KU,Basistoezicht,Basistoezicht
03PQ,Basistoezicht,Basistoezicht
08XB,Basistoezicht,Basistoezicht
07OB,Basistoezicht,Basistoezicht
04VD,Basistoezicht,Basistoezicht, Basistoezicht, Zwak, Zeer zwak, Geen oordeel
11CJ,Basistoezicht,Basistoezicht, Basistoezicht, Zwak, Zeer zwak, Geen oordeel
10MZ,Basistoezicht,Basistoezicht
04TT,Basistoezicht,Basistoezicht
01XU,Basistoezicht,Basistoezicht
28AK,Basistoezicht,Basistoezicht, Basistoezicht, Zwak, Zeer zwak, Geen oordeel
22KF,Basistoezicht,Basistoezicht,Basistoezicht, Basistoezicht, Zwak, Zeer zwak, Geen oordeel
14ZW,Basistoezicht,Basistoezicht
11VU,Basistoezicht,Basistoezicht
11KG,Basistoezicht,Basistoezicht
10PG,Basistoezicht,Basistoezicht, Basistoezicht, Zwak, Zeer zwak, Geen oordeel
10PG,Basistoezicht,Basistoezicht, Basistoezicht, Zwak, Zeer zwak, Geen oordeel
09WS,Basistoezicht,Basistoezicht
09WM,Basistoezicht,Basistoezicht
08ZK,Basistoezicht,Basistoezicht
08KA,Basistoezicht,Basistoezicht
07ST,Basistoezicht,Basistoezicht, Basistoezicht, Zwak, Zeer zwak, Geen oordeel
07PI,Basistoezicht,Basistoezicht
06JG,Basistoezicht,Basistoezicht
06FY,Basistoezicht,Basistoezicht
05BL,Basistoezicht,Basistoezicht
05BG,Basistoezicht,Basistoezicht
04XH,Basistoezicht,Basistoezicht
03NZ,Basistoezicht,Basistoezicht
03NX,Basistoezicht,Basistoezicht
23UN,Basistoezicht,Basistoezicht
06IX,Basistoezicht,Basistoezicht
25GH,Basistoezicht,Basistoezicht
17QS,Basistoezicht,Basistoezicht, Basistoezicht, Zwak, Zeer zwak, Geen oordeel
17OZ,Basistoezicht,Basistoezicht
17NV,Basistoezicht,Basistoezicht, Basistoezicht, Zwak, Zeer zwak, Geen oordeel
17MY,Basistoezicht,Basistoezicht
17MJ,Basistoezicht,Basistoezicht, Basistoezicht, Zwak, Zeer zwak, Geen oordeel
17MJ,Basistoezicht,Basistoezicht, Basistoezicht, Zwak, Zeer zwak, Geen oordeel
12WU,Basistoezicht,Basistoezicht
12PG,Basistoezicht,Basistoezicht
11XA,Basistoezicht,Basistoezicht
04SG,Basistoezicht,Basistoezicht
27LW,Basistoezicht,Basistoezicht
23RH,Basistoezicht,Basistoezicht
16EN,Basistoezicht,Basistoezicht
16DD,Basistoezicht,Basistoezicht, Basistoezicht, Zwak, Zeer zwak, Geen oordeel
16AA,Basistoezicht,Basistoezicht,Basistoezicht, Basistoezicht, Zwak, Zeer zwak, Geen oordeel
16AA,Basistoezicht,Basistoezicht,Basistoezicht, Basistoezicht, Zwak, Zeer zwak, Geen oordeel
15YB,Basistoezicht,Basistoezicht
15OU,Basistoezicht,Basistoezicht
15JS,Basistoezicht,Basistoezicht
15GL,Basistoezicht,Basistoezicht
15BG,Basistoezicht,Basistoezicht, Basistoezicht, Zwak, Zeer zwak, Geen oordeel
06RA,Basistoezicht,Basistoezicht
13ID,Basistoezicht,Basistoezicht
13CU,Basistoezicht,Basistoezicht
12PI,Basistoezicht,Basistoezicht, Basistoezicht, Zwak, Zeer zwak, Geen oordeel
12PI,Basistoezicht,Basistoezicht, Basistoezicht, Zwak, Zeer zwak, Geen oordeel
08VM,Basistoezicht,Basistoezicht
07LT,Basistoezicht,Basistoezicht, Basistoezicht, Zwak, Zeer zwak, Geen oordeel
07LH,Basistoezicht,Basistoezicht
04PA,Basistoezicht,Basistoezicht
27PC,Basistoezicht,Basistoezicht
28DC,Basistoezicht,Basistoezicht
27ME,Basistoezicht,Basistoezicht,Basistoezicht, Basistoezicht, Zwak, Zeer zwak, Geen oordeel
27MC,Basistoezicht,Basistoezicht
24CT,Basistoezicht,Basistoezicht
24CR,Basistoezicht,Basistoezicht
22LY,Basistoezicht,Basistoezicht
16JW,Basistoezicht,Basistoezicht
16IR,Basistoezicht,Basistoezicht
16DI,Basistoezicht,Basistoezicht
15ZD,Basistoezicht,Basistoezicht
15YJ,Basistoezicht,Basistoezicht
15XB,Basistoezicht,Basistoezicht
15WH,Basistoezicht,Basistoezicht
15UT,Basistoezicht,Basistoezicht
15RM,Basistoezicht,Basistoezicht
15PE,Basistoezicht,Basistoezicht
15NR,Basistoezicht,Basistoezicht, Basistoezicht, Zwak, Zeer zwak, Geen oordeel
15NR,Basistoezicht,Basistoezicht, Basistoezicht, Zwak, Zeer zwak, Geen oordeel
15LE,Basistoezicht,Basistoezicht
15FE,Basistoezicht,Basistoezicht
14YX,Basistoezicht,Basistoezicht
13MR,Basistoezicht,Basistoezicht
23CB,Basistoezicht,Basistoezicht
09UE,Basistoezicht,Basistoezicht
07MQ,Basistoezicht,Basistoezicht
31DE,Basistoezicht,Geen oordeel
23GV,Basistoezicht,Basistoezicht
24PB,Basistoezicht,Basistoezicht
09JB,Basistoezicht,Basistoezicht,Basistoezicht, Basistoezicht, Zwak, Zeer zwak, Geen oordeel
09CW,Aangepast toezicht financiële continuïteit,Basistoezicht
08AO,Geen oordeel,Zwak, Basistoezicht, Zwak, Zeer zwak, Geen oordeel
03GE,Basistoezicht,Basistoezicht, Basistoezicht, Zwak, Zeer zwak, Geen oordeel
24DH,Basistoezicht,Zwak
04RT,Basistoezicht,Basistoezicht
10NC,Basistoezicht,Basistoezicht
09TZ,Basistoezicht,Basistoezicht, Basistoezicht, Zwak, Zeer zwak, Geen oordeel
04QR,Basistoezicht,Basistoezicht
28AV,Basistoezicht,Basistoezicht
26AG,Basistoezicht,Basistoezicht, Basistoezicht, Zwak, Zeer zwak, Geen oordeel
19UU,Basistoezicht,Basistoezicht
19UC,Basistoezicht,Basistoezicht, Basistoezicht, Zwak, Zeer zwak, Geen oordeel
19SZ,Basistoezicht,Basistoezicht, Basistoezicht, Zwak, Zeer zwak, Geen oordeel
19RG,Basistoezicht,Zwak
11MP,Basistoezicht,Basistoezicht
10NL,Basistoezicht,Basistoezicht
10IJ,Basistoezicht,Basistoezicht
09UK,Geen oordeel,Basistoezicht, Basistoezicht, Zwak, Zeer zwak, Geen oordeel
08WM,Basistoezicht,Basistoezicht
04QI,Basistoezicht,Basistoezicht
04QG,Basistoezicht,Basistoezicht, Basistoezicht, Zwak, Zeer zwak, Geen oordeel
15GR,Basistoezicht,Basistoezicht
04PN,Basistoezicht,Basistoezicht
08VP,Basistoezicht,Basistoezicht
07LN,Basistoezicht,Basistoezicht
04PK,Basistoezicht,Basistoezicht
04ON,Basistoezicht,Basistoezicht, Basistoezicht, Zwak, Zeer zwak, Geen oordeel
04ON,Basistoezicht,Basistoezicht, Basistoezicht, Zwak, Zeer zwak, Geen oordeel
04OM,Basistoezicht,Basistoezicht
04NO,Basistoezicht,Basistoezicht
07KI,Basistoezicht,Basistoezicht
06HT,Basistoezicht,Basistoezicht
04MY,Basistoezicht,Basistoezicht
07KD,Basistoezicht,Basistoezicht
14ZD,Basistoezicht,Basistoezicht
04MG,Basistoezicht,Basistoezicht
04MF,Basistoezicht,Basistoezicht
27YG,Basistoezicht,Basistoezicht
23VH,Basistoezicht,Basistoezicht
29UG,Basistoezicht,Basistoezicht
23UY,Basistoezicht,Basistoezicht
23UX,Basistoezicht,Basistoezicht
03LQ,Basistoezicht,Basistoezicht, Basistoezicht, Zwak, Zeer zwak, Geen oordeel
24ZE,Basistoezicht,Basistoezicht
08AM,Aangepast toezicht financiële continuïteit,Zwak
04MB,Basistoezicht,Basistoezicht
05WR,Aangepast toezicht financiële continuïteit,Basistoezicht
23EN,Basistoezicht,Basistoezicht
23EC,Basistoezicht,Basistoezicht
31CJ,Basistoezicht,Geen oordeel
27YJ,Basistoezicht,Basistoezicht
23GW,Basistoezicht,Basistoezicht, Basistoezicht, Zwak, Zeer zwak, Geen oordeel
22NT,Basistoezicht,Basistoezicht
23UP,Basistoezicht,Basistoezicht
22MH,Basistoezicht,Basistoezicht
29XY,Basistoezicht,Basistoezicht
12KB,Basistoezicht,Basistoezicht, Basistoezicht, Zwak, Zeer zwak, Geen oordeel
12AU,Basistoezicht,Basistoezicht
11CP,Basistoezicht,Basistoezicht
09SW,Basistoezicht,Basistoezicht, Basistoezicht, Zwak, Zeer zwak, Geen oordeel
08WC,Basistoezicht,Basistoezicht, Basistoezicht, Zwak, Zeer zwak, Geen oordeel
07MK,Geen oordeel,Basistoezicht, Basistoezicht, Zwak, Zeer zwak, Geen oordeel
07IH,Basistoezicht,Basistoezicht
04RH,Basistoezicht,Basistoezicht, Basistoezicht, Zwak, Zeer zwak, Geen oordeel
04JR,Basistoezicht,Basistoezicht
07LR,Basistoezicht,Basistoezicht
06KN,Basistoezicht,Basistoezicht
03YY,Basistoezicht,Basistoezicht
03XE,Basistoezicht,Basistoezicht
00EI,Basistoezicht,Basistoezicht
04LN,Basistoezicht,Basistoezicht
28BJ,Basistoezicht,Basistoezicht
23RG,Basistoezicht,Basistoezicht
13PA,Basistoezicht,Basistoezicht
12RU,Basistoezicht,Basistoezicht
12JI,Basistoezicht,Basistoezicht, Basistoezicht, Zwak, Zeer zwak, Geen oordeel
11OT,Basistoezicht,Basistoezicht
10WI,Basistoezicht,Basistoezicht
09JK,Basistoezicht,Basistoezicht
08JL,Basistoezicht,Basistoezicht
06FA,Basistoezicht,Basistoezicht
11VO,Basistoezicht,Basistoezicht
28CL,Basistoezicht,Basistoezicht
26AF,Basistoezicht,Basistoezicht
24NZ,Basistoezicht,Basistoezicht, Basistoezicht, Zwak, Zeer zwak, Geen oordeel
23CK,Basistoezicht,Basistoezicht, Basistoezicht, Zwak, Zeer zwak, Geen oordeel
18BJ,Basistoezicht,Zeer zwak
18BG,Basistoezicht,Basistoezicht, Basistoezicht, Zwak, Zeer zwak, Geen oordeel
18BB,Basistoezicht,Basistoezicht
18AX,Basistoezicht,Basistoezicht
18AU,Basistoezicht,Basistoezicht
18AP,Basistoezicht,Basistoezicht
18AK,Basistoezicht,Basistoezicht
18AH,Basistoezicht,Basistoezicht
18AA,Basistoezicht,Basistoezicht,Basistoezicht,Basistoezicht, Basistoezicht, Zwak, Zeer zwak, Geen oordeel
17ZU,Basistoezicht,Basistoezicht
17ZO,Basistoezicht,Basistoezicht
17ZI,Basistoezicht,Basistoezicht, Basistoezicht, Zwak, Zeer zwak, Geen oordeel
17ZD,Basistoezicht,Basistoezicht
17YR,Basistoezicht,Basistoezicht
17UE,Basistoezicht,Basistoezicht
17TZ,Basistoezicht,Basistoezicht, Basistoezicht, Zwak, Zeer zwak, Geen oordeel
17TU,Basistoezicht,Basistoezicht
17TP,Basistoezicht,Basistoezicht, Basistoezicht, Zwak, Zeer zwak, Geen oordeel
17TF,Basistoezicht,Basistoezicht
17SW,Basistoezicht,Basistoezicht, Basistoezicht, Zwak, Zeer zwak, Geen oordeel
17SL,Basistoezicht,Basistoezicht
17RX,Basistoezicht,Basistoezicht
17RL,Basistoezicht,Basistoezicht, Basistoezicht, Zwak, Zeer zwak, Geen oordeel
17LU,Basistoezicht,Basistoezicht
17FC,Basistoezicht,Basistoezicht
17ES,Basistoezicht,Basistoezicht
17EA,Basistoezicht,Basistoezicht
17DP,Basistoezicht,Basistoezicht,Basistoezicht, Basistoezicht, Zwak, Zeer zwak, Geen oordeel
17DF,Basistoezicht,Basistoezicht
17CM,Basistoezicht,Basistoezicht, Basistoezicht, Zwak, Zeer zwak, Geen oordeel
17CB,Basistoezicht,Zwak
17AP,Basistoezicht,Basistoezicht, Basistoezicht, Zwak, Zeer zwak, Geen oordeel
17AB,Basistoezicht,Basistoezicht
16ZM,Basistoezicht,Basistoezicht
16YW,Basistoezicht,Basistoezicht
16KS,Basistoezicht,Basistoezicht,Zwak, Basistoezicht, Zwak, Zeer zwak, Geen oordeel
16KS,Basistoezicht,Basistoezicht,Zwak, Basistoezicht, Zwak, Zeer zwak, Geen oordeel
16IL,Basistoezicht,Basistoezicht
16HC,Basistoezicht,Basistoezicht, Basistoezicht, Zwak, Zeer zwak, Geen oordeel
16FT,Basistoezicht,Basistoezicht, Basistoezicht, Zwak, Zeer zwak, Geen oordeel
16EL,Basistoezicht,Basistoezicht
16DB,Basistoezicht,Basistoezicht
16BO,Basistoezicht,Basistoezicht,Basistoezicht, Basistoezicht, Zwak, Zeer zwak, Geen oordeel
16BO,Basistoezicht,Basistoezicht,Basistoezicht, Basistoezicht, Zwak, Zeer zwak, Geen oordeel
08YU,Geen oordeel,Basistoezicht, Basistoezicht, Zwak, Zeer zwak, Geen oordeel
07JG,Basistoezicht,Basistoezicht
05JC,Basistoezicht,Basistoezicht
05DG,Basistoezicht,Basistoezicht
03NB,Basistoezicht,Basistoezicht
03HE,Basistoezicht,Basistoezicht
12RM,Basistoezicht,Basistoezicht
11ZQ,Basistoezicht,Basistoezicht,Basistoezicht, Basistoezicht, Zwak, Zeer zwak, Geen oordeel
11QH,Basistoezicht,Basistoezicht
11OJ,Basistoezicht,Basistoezicht
11BQ,Basistoezicht,Basistoezicht
09VR,Basistoezicht,Basistoezicht, Basistoezicht, Zwak, Zeer zwak, Geen oordeel
09ST,Basistoezicht,Basistoezicht
08UO,Basistoezicht,Basistoezicht, Basistoezicht, Zwak, Zeer zwak, Geen oordeel
08SP,Basistoezicht,Basistoezicht
08JF,Basistoezicht,Basistoezicht
18JG,Basistoezicht,Basistoezicht
18HG,Basistoezicht,Basistoezicht
22MD,Basistoezicht,Basistoezicht
20DV,Basistoezicht,Basistoezicht
20DJ,Basistoezicht,Basistoezicht
20CV,Basistoezicht,Basistoezicht
20CB,Basistoezicht,Basistoezicht
19AT,Basistoezicht,Basistoezicht, Basistoezicht, Zwak, Zeer zwak, Geen oordeel
19AC,Basistoezicht,Basistoezicht
18ZQ,Basistoezicht,Basistoezicht
18ZC,Basistoezicht,Basistoezicht
10ZF,Basistoezicht,Basistoezicht
10JH,Basistoezicht,Basistoezicht
09WF,Basistoezicht,Basistoezicht
09TX,Basistoezicht,Basistoezicht
08VV,Basistoezicht,Basistoezicht
07RV,Basistoezicht,Basistoezicht
30WX,Basistoezicht,Geen oordeel
27PX,Basistoezicht,Basistoezicht
27CH,Basistoezicht,Basistoezicht
27CG,Basistoezicht,Basistoezicht
26PT,Basistoezicht,Basistoezicht
26AY,Basistoezicht,Basistoezicht
26AW,Basistoezicht,Basistoezicht
19VU,Basistoezicht,Basistoezicht
19VL,Basistoezicht,Basistoezicht
19VA,Basistoezicht,Basistoezicht
19UJ,Basistoezicht,Basistoezicht
19TM,Basistoezicht,Basistoezicht
19SG,Basistoezicht,Basistoezicht
16FS,Basistoezicht,Basistoezicht
16DA,Basistoezicht,Basistoezicht
15ZZ,Basistoezicht,Basistoezicht
15XZ,Basistoezicht,Basistoezicht
15VU,Basistoezicht,Basistoezicht,Basistoezicht, Basistoezicht, Zwak, Zeer zwak, Geen oordeel
15TL,Basistoezicht,Basistoezicht
13ZY,Basistoezicht,Basistoezicht, Basistoezicht, Zwak, Zeer zwak, Geen oordeel
13ZE,Basistoezicht,Basistoezicht
13WM,Basistoezicht,Basistoezicht
13VQ,Geen oordeel,Basistoezicht, Basistoezicht, Zwak, Zeer zwak, Geen oordeel
13TA,Basistoezicht,Basistoezicht
13RY,Basistoezicht,Basistoezicht
13OW,Basistoezicht,Basistoezicht, Basistoezicht, Zwak, Zeer zwak, Geen oordeel
13JV,Basistoezicht,Basistoezicht
13IL,Basistoezicht,Basistoezicht
13EK,Basistoezicht,Basistoezicht, Basistoezicht, Zwak, Zeer zwak, Geen oordeel
12JQ,Basistoezicht,Basistoezicht
10NH,Basistoezicht,Basistoezicht
09WY,Basistoezicht,Basistoezicht
08ZU,Basistoezicht,Basistoezicht
08VR,Basistoezicht,Basistoezicht
08QB,Basistoezicht,Basistoezicht
08NF,Basistoezicht,Basistoezicht
07SP,Basistoezicht,Geen oordeel, Basistoezicht, Zwak, Zeer zwak, Geen oordeel
07LY,Basistoezicht,Basistoezicht
07DP,Basistoezicht,Basistoezicht
07CQ,Basistoezicht,Basistoezicht
06KA,Basistoezicht,Basistoezicht
05HC,Basistoezicht,Basistoezicht
04ZT,Basistoezicht,Basistoezicht
03PY,Basistoezicht,Basistoezicht
08JC,Basistoezicht,Basistoezicht
06DN,Basistoezicht,Basistoezicht
06NZ,Basistoezicht,Basistoezicht
00GQ,Basistoezicht,Zwak
10VK,Basistoezicht,Basistoezicht
10DW,Basistoezicht,Basistoezicht
09IH,Basistoezicht,Basistoezicht
08IH,Basistoezicht,Basistoezicht
05SP,Basistoezicht,Basistoezicht
05RT,Basistoezicht,Basistoezicht
07ZZ,Basistoezicht,Basistoezicht
07XS,Basistoezicht,Basistoezicht
07CO,Basistoezicht,Basistoezicht
07CN,Basistoezicht,Basistoezicht
10QA,Basistoezicht,Basistoezicht
09AS,Basistoezicht,Basistoezicht
08ZS,Basistoezicht,Basistoezicht
06SK,Basistoezicht,Basistoezicht
06OD,Basistoezicht,Basistoezicht
05GY,Basistoezicht,Basistoezicht
05FH,Basistoezicht,Basistoezicht
03KA,Basistoezicht,Basistoezicht
03CJ,Basistoezicht,Basistoezicht
06YJ,Basistoezicht,Basistoezicht
15DF,Basistoezicht,Basistoezicht
14ZQ,Basistoezicht,Basistoezicht
03YH,Basistoezicht,Basistoezicht
03TW,Basistoezicht,Basistoezicht
04AM,Basistoezicht,Basistoezicht
04WQ,Basistoezicht,Basistoezicht
07OK,Basistoezicht,Basistoezicht
04VL,Basistoezicht,Basistoezicht
07NE,Basistoezicht,Basistoezicht
15BW,Basistoezicht,Basistoezicht
09JH,Basistoezicht
07LS,Basistoezicht
07IA,Basistoezicht
06YK,Basistoezicht
06VJ,Basistoezicht
06FJ,Basistoezicht
06EE,Basistoezicht
03IA,Basistoezicht
03HB,Basistoezicht
15XC,Basistoezicht,Basistoezicht, Basistoezicht, Zwak, Zeer zwak, Geen oordeel
15UU,Basistoezicht,Basistoezicht
15SP,Basistoezicht,Basistoezicht
15NS,Basistoezicht,Basistoezicht
12FY,Basistoezicht,Basistoezicht
12FB,Basistoezicht,Basistoezicht, Basistoezicht, Zwak, Zeer zwak, Geen oordeel
11VK,Basistoezicht,Basistoezicht
11JV,Basistoezicht,Basistoezicht, Basistoezicht, Zwak, Zeer zwak, Geen oordeel
11EY,Basistoezicht,Basistoezicht
10XE,Basistoezicht,Basistoezicht
07ZN,Basistoezicht,Basistoezicht
13JQ,Basistoezicht,Basistoezicht
12IT,Basistoezicht,Geen oordeel, Basistoezicht, Zwak, Zeer zwak, Geen oordeel
12IT,Basistoezicht,Geen oordeel, Basistoezicht, Zwak, Zeer zwak, Geen oordeel
11OA,Basistoezicht,Basistoezicht,Basistoezicht, Basistoezicht, Zwak, Zeer zwak, Geen oordeel
11OA,Basistoezicht,Basistoezicht,Basistoezicht, Basistoezicht, Zwak, Zeer zwak, Geen oordeel
11OA,Basistoezicht,Basistoezicht,Basistoezicht, Basistoezicht, Zwak, Zeer zwak, Geen oordeel
21LW,Basistoezicht,Basistoezicht
18GB,Basistoezicht,Basistoezicht
15VN,Basistoezicht,Basistoezicht, Basistoezicht, Zwak, Zeer zwak, Geen oordeel
15TF,Basistoezicht,Basistoezicht
15LA,Basistoezicht,Basistoezicht
15JI,Basistoezicht,Basistoezicht
15IH,Basistoezicht,Basistoezicht
15AU,Basistoezicht,Basistoezicht, Basistoezicht, Zwak, Zeer zwak, Geen oordeel
14MT,Basistoezicht,Basistoezicht, Basistoezicht, Zwak, Zeer zwak, Geen oordeel
14MT,Basistoezicht,Basistoezicht, Basistoezicht, Zwak, Zeer zwak, Geen oordeel
14IP,Basistoezicht,Basistoezicht
14EX,Basistoezicht,Basistoezicht
05ZQ,Basistoezicht,Basistoezicht
04GK,Basistoezicht,Basistoezicht
03CT,Basistoezicht,Basistoezicht
18UE,Basistoezicht,Basistoezicht
18TS,Basistoezicht,Basistoezicht
18TC,Basistoezicht,Basistoezicht
18SH,Basistoezicht,Basistoezicht
18RG,Basistoezicht,Basistoezicht
18QE,Basistoezicht,Basistoezicht
18PA,Basistoezicht,Basistoezicht
04HB,Basistoezicht,Basistoezicht
12RI,Basistoezicht,Basistoezicht
12IY,Basistoezicht,Basistoezicht
11ZM,Basistoezicht,Basistoezicht
11OE,Basistoezicht,Basistoezicht
10MB,Basistoezicht,Basistoezicht
18SI,Basistoezicht,Basistoezicht
18QG,Basistoezicht,Basistoezicht
14FX,Basistoezicht,Basistoezicht, Basistoezicht, Zwak, Zeer zwak, Geen oordeel
13WI,Basistoezicht,Basistoezicht
13OS,Basistoezicht,Basistoezicht
13JR,Basistoezicht,Basistoezicht
13EH,Basistoezicht,Basistoezicht
12RD,Basistoezicht,Basistoezicht
00HH,Basistoezicht,Basistoezicht
10AC,Basistoezicht,Basistoezicht
09EE,Basistoezicht,Basistoezicht, Basistoezicht, Zwak, Zeer zwak, Geen oordeel
03TJ,Basistoezicht,Basistoezicht
03OR,Basistoezicht,Basistoezicht
02ZY,Basistoezicht,Basistoezicht
18GT,Basistoezicht,Basistoezicht
18DZ,Basistoezicht,Basistoezicht
13QM,Basistoezicht,Basistoezicht
13LV,Basistoezicht,Basistoezicht
13BB,Basistoezicht,Basistoezicht
12VB,Basistoezicht,Basistoezicht
11UA,Basistoezicht,Basistoezicht
11IJ,Basistoezicht,Basistoezicht
08WF,Basistoezicht,Basistoezicht
07YS,Basistoezicht,Basistoezicht
07MR,Basistoezicht,Basistoezicht
07BZ,Basistoezicht,Basistoezicht
05VI,Basistoezicht,Basistoezicht
05QD,Basistoezicht,Basistoezicht
14YS,Basistoezicht,Basistoezicht
10ZS,Basistoezicht,Basistoezicht
10XC,Basistoezicht,Basistoezicht
10JU,Basistoezicht,Basistoezicht